<?xml version='1.0' encoding='UTF-8'?>
<faces-config version="2.2" xmlns="http://xmlns.jcp.org/xml/ns/javaee"
              xmlns:xsi="http://www.w3.org/2001/XMLSchema-instance"
              xsi:schemaLocation="http://xmlns.jcp.org/xml/ns/javaee
    http://xmlns.jcp.org/xml/ns/javaee/web-facesconfig_2_2.xsd">

    <application>
        <action-listener>org.primefaces.application.DialogActionListener</action-listener>
        <navigation-handler>org.primefaces.application.DialogNavigationHandler</navigation-handler>
        <view-handler>org.primefaces.application.DialogViewHandler</view-handler>
    </application>

    <navigation-rule>
        <display-name>index.xhtml</display-name>
        <from-view-id>/index.xhtml</from-view-id>
        <navigation-case>
            <from-outcome>insert</from-outcome>
            <to-view-id>/index.xhtml</to-view-id>
        </navigation-case>
    </navigation-rule>

    <navigation-rule>
        <display-name>index.xhtml</display-name>
        <from-view-id>/index.xhtml</from-view-id>
        <navigation-case>
            <from-outcome>delete</from-outcome>
            <to-view-id>/index.xhtml</to-view-id>
        </navigation-case>
    </navigation-rule>

    <navigation-rule>
        <display-name>login.xhtml</display-name>
        <from-view-id>/login.xhtml</from-view-id>
        <navigation-case>
            <from-outcome>login_failed</from-outcome>
            <to-view-id>/login.xhtml</to-view-id>
        </navigation-case>
    </navigation-rule>


    <navigation-rule>
        <display-name>login.xhtml</display-name>
        <from-view-id>/login.xhtml</from-view-id>
        <navigation-case>
            <from-outcome>logged</from-outcome>
            <to-view-id>/index.xhtml</to-view-id>
            <redirect />
        </navigation-case>
    </navigation-rule>

</faces-config>